no,lat,lng,DMS_LAT,DMS_LONG,MGRS,JOG,DSG,AFFIL,FIPS10,country,FULL_NAME,MOD_DATE,ISO3136
1,33.0,66.0,330000,660000,42STB1970055286,NI42-09,PCLI,,AF,Afghanistan,Islamic Republic of Afghanistan,4/10/2009,AF
2,41.0,20.0,410000,200000,34TDL1589839239,NK34-08,PCLI,,AL,Albania,Republic of Albania,2/28/2007,AL
6,-12.5,18.5,-123000,183000,34LBM2828516873,SD34-01,PCLI,,AO,Angola,Republic of Angola,2/28/2007,AO
7,18.216667,-63.05,181300,-630300,20QMF9471314158,NE20-06,PCLD,UK,AV,Anguilla,Anguilla,12/22/1993,AI
8,17.05,-61.8,170300,-614800,20QPD2770685478,NE20-11,PCLI,,AC,Antigua and Barbuda,Antigua and Barbuda,8/29/1997,AG
9,-34.0,-64.0,-340000,-640000,20HMH0765037393,SI20-06,PCLI,,AR,Argentina,Argentine Republic,2/28/2007,AR
10,40.0,45.0,400000,450000,38TNK0000027757,NK38-11,PCLI,,AM,Armenia,Republic of Armenia,2/28/2007,AM
11,12.5,-69.966667,123000,-695800,19PCP9496382035,ND19-14,PCLIX,NL,AA,Aruba,Aruba,12/21/1993,AW
14,-25.0,135.0,-250000,1350000,53JNN0000035052,SG53-03,PCLI,,AS,Australia,Commonwealth of Australia,2/28/2007,AU
15,47.333333,13.333333,472000,132000,33TUN7408243554,NL33-01,PCLI,,AU,Austria,Republic of Austria,3/20/2007,AT
16,40.5,47.5,403000,473000,38TQK1184586257,NK38-12,PCLI,,AJ,Azerbaijan,Republic of Azerbaijan,2/28/2007,AZ
17,24.0,-76.0,240000,-760000,18RUM9828554588,NG18-14,PCLI,,BF,Bahamas,Commonwealth of The Bahamas,2/28/2007,BS
18,26.0,50.5,260000,503000,39RVJ4996175780,NG39-06,PCLI,,BA,Bahrain,Kingdom of Bahrain,2/28/2007,BH
19,24.0,90.0,240000,900000,46RAM9477357479,NG46-13,PCLI,,BG,Bangladesh,People's Republic of Bangladesh,2/28/2007,BD
20,13.166667,-59.533333,131000,-593200,21PTQ2538656950,ND21-09,PCLI,,BB,Barbados,Barbados,8/29/1997,BB
22,53.0,28.0,530000,280000,35UNU6710972738,NN35-09,PCLI,,BO,Belarus,Republic of Belarus,2/28/2007,BY
23,50.833333,4.0,505000,40000,31UES7042031768,NM31-06,PCLI,,BE,Belgium,Kingdom of Belgium,11/29/2011,BE
24,17.25,-88.75,171500,-884500,16QCE1394908054,NE16-09,PCLI,,BH,Belize,Belize,8/29/1997,BZ
25,9.5,2.25,93000,21500,31PDL1767950220,NC31-10,PCLI,,BN,Benin,Republic of Benin,2/28/2007,BJ
27,27.5,90.5,273000,903000,46RBR5302344306,NG46-01,PCLI,,BT,Bhutan,Kingdom of Bhutan,2/28/2007,BT
30,44.25,17.833333,441500,175000,33TYK2620603545,NL33-12,PCLI,,BK,Bosnia and Herzegovina,Bosnia and Herzegovina,11/23/2005,BA
31,-22.0,24.0,-220000,240000,35KJR9023564133,SF35-05,PCLI,,BC,Botswana,Republic of Botswana,2/28/2007,BW
33,-10.0,-55.0,-100000,-550000,21LYJ1923393923,SC21-08,PCLI,,BR,Brazil,Federative Republic of Brazil,3/9/2007,BR
35,18.5,-64.5,183000,-643000,20QLF4164546163,NE20-06,PCLD,UK,VI,British Virgin Islands,British Virgin Islands,12/22/1993,VG
37,43.0,25.0,430000,250000,35TLH3698162756,NK35-01,PCLI,,BU,Bulgaria,Republic of Bulgaria,11/29/2011,BG
38,13.0,-2.0,130000,-20000,30PXV0844637349,ND30-11,PCLI,,UV,Burkina Faso,Burkina Faso,3/21/2001,BF
41,13.0,105.0,130000,1050000,48PWV0000037136,ND48-11,PCLI,,CB,Cambodia,Kingdom of Cambodia,2/28/2007,KH
42,6.0,12.0,60000,120000,33NSG6784264114,NB33-05,PCLI,,CM,Cameroon,Republic of Cameroon,11/29/2011,CM
43,60.0,-96.0,600000,-960000,15VUG3270555205,NP15-13,PCLI,,CA,Canada,Canada,8/29/1997,CA
44,16.0,-24.0,160000,-240000,27QST7890071254,NE27-13,PCLI,,CV,Cape Verde,Republic of Cape Verde,2/28/2007,CV
46,7.0,21.0,70000,210000,34NEN0000073749,NB34-03,PCLI,,CT,Central African Republic,Central African Republic,2/28/2007,CF
47,15.0,19.0,150000,190000,34PBB8494759298,ND34-01,PCLI,,CD,Chad,Republic of Chad,2/28/2007,TD
48,-30.0,-71.0,-300000,-710000,19JCG0708579531,SH19-09,PCLI,,CI,Chile,Republic of Chile,2/28/2007,CL
49,35.0,105.0,350000,1050000,48SWD0000073043,NI48-03,PCLI,,CH,China,People's Republic of China,11/18/1997,CN
53,4.0,-72.0,40000,-720000,19NAE6683142736,NB19-13,PCLI,,CO,Colombia,Republic of Colombia,2/28/2007,CO
55,-16.083333,-161.583333,-160500,-1613500,04KBH2364020120,SE04-01,PCLS,NZ,CW,Cook Islands,Cook Islands,4/13/2007,CK
57,10.0,-84.0,100000,-840000,17PJM7107106909,NC17-05,PCLI,,CS,Costa Rica,Republic of Costa Rica,2/28/2007,CR
58,8.0,-5.0,80000,-50000,30PTP7955884833,NC30-13,PCLI,,IV,Cote d'Ivoire,Republic of Cote d'Ivoire,5/11/2011,CI
59,45.166667,15.5,451000,153000,33TWL3929301587,NL33-08,PCLI,,HR,Croatia,Republic of Croatia,11/29/2011,HR
60,22.0,-79.5,220000,-793000,17QPE5484433586,NF17-08,PCLI,,CU,Cuba,Republic of Cuba,2/28/2007,CU
61,12.166667,-69.0,121000,-690000,19PEP0000044983,ND19-15,PCLIX,NL,UC,CuraÃ§ao,Land Curacao,11/4/2010,CW
62,35.0,33.0,350000,330000,36SWD0000073043,NI36-03,PCLI,,CY,Cyprus,Republic of Cyprus,2/28/2007,CY
63,49.75,15.0,494500,150000,33UWR0000010835,NM33-08,PCLI,,EZ,Czech Republic,Czech Republic,11/29/2011,CZ
64,0.0,25.0,0,250000,35NKA7740500000,NA35-13,PCLI,,CG,Democratic Republic of the Congo,Democratic Republic of the Congo,2/28/2007,CD
65,56.0,10.0,560000,100000,32VNH6236706531,NO32-12,PCLI,,DA,Denmark,Kingdom of Denmark,2/28/2007,DK
66,11.5,42.5,113000,423000,38PKT2728172452,NC38-01,PCLI,,DJ,Djibouti,Republic of Djibouti,2/28/2007,DJ
68,19.0,-70.666667,190000,-704000,19QCB2456401658,NE19-01,PCLI,,DR,Dominican Republic,Dominican Republic,2/28/2007,DO
69,-2.0,-77.5,-20000,-773000,18MTC2189278727,SA18-05,PCLI,,EC,Ecuador,Republic of Ecuador,2/28/2007,EC
70,27.0,30.0,270000,300000,36RTQ0227489976,NG36-01,PCLI,,EG,Egypt,Arab Republic of Egypt,2/28/2007,EG
71,13.833333,-88.916667,135000,-885500,16PBA9283530123,ND16-09,PCLI,,ES,El Salvador,Republic of El Salvador,2/28/2007,SV
72,2.0,10.0,20000,100000,32NPH1121321095,NA32-07,PCLI,,EK,Equatorial Guinea,Republic of Equatorial Guinea,2/28/2007,GQ
73,15.0,39.0,150000,390000,37PES0000058326,ND37-03,PCLI,,ER,Eritrea,State of Eritrea,2/28/2007,ER
74,59.0,26.0,590000,260000,35VMF4254940482,NO35-02,PCLI,,EN,Estonia,Republic of Estonia,2/28/2007,EE
75,8.0,38.0,80000,380000,37PCJ8979584432,NC37-14,PCLI,,ET,Ethiopia,Federal Democratic Republic of Ethiopia,2/28/2007,ET
78,62.0,-7.0,620000,-70000,29VPJ0474375795,NP29-06,ADM1,DA,FO,Faroe Islands,Faroe Islands,12/16/1996,FO
80,-18.0,178.0,-180000,1780000,60KXF0586709529,SE60-07,PCLI,,FJ,Fiji,Republic of Fiji,2/28/2007,FJ
81,64.0,26.0,640000,260000,35WML5108997398,NQ35-13,PCLI,,FI,Finland,Republic of Finland,2/28/2007,FI
82,46.0,2.0,460000,20000,31TDL2256894534,NL31-05,PCLI,,FR,France,French Republic,3/9/2007,FR
84,-15.0,-140.0,-150000,-1400000,07LFD0751241431,SD07-11,PCLD,FR,FP,French Polynesia,French Polynesia,11/18/2010,PF
86,-1.0,11.75,-10000,114500,32MRD0607889342,SA32-04,PCLI,,GB,Gabon,Gabonese Republic,2/28/2007,GA
89,41.999981,43.499905,420000,433000,38TLM7576450862,NK38-07,PCLI,,GG,Georgia,Georgia,8/2/2010,GE
90,51.5,10.5,513000,103000,32UPC0411606496,NM32-03,PCLI,,GM,Germany,Federal Republic of Germany,2/28/2007,DE
91,8.0,-2.0,80000,-20000,30PXP1020584432,NC30-15,PCLI,,GH,Ghana,Republic of Ghana,2/28/2007,GH
95,72.0,-40.0,720000,-400000,24XVE6551189219,NS23-12,PCLS,DA,GL,Greenland,Greenland,4/16/2010,GL
96,12.116667,-61.666667,120700,-614000,20PPU4509539809,ND20-16,PCLI,,GJ,Grenada,Grenada,2/28/2007,GD
99,15.5,-90.25,153000,-901500,15PYT9504515523,ND15-04,PCLI,,GT,Guatemala,Republic of Guatemala,2/28/2007,GT
101,11.0,-10.0,110000,-100000,29PLN9075116161,NC29-02,PCLI,,GV,Guinea,Republic of Guinea,2/28/2007,GN
102,12.0,-15.0,120000,-150000,28PEU0000026554,ND28-15,PCLI,,PU,Guinea-Bissau,Republic of Guinea-Bissau,2/28/2007,GW
104,19.0,-72.416667,190000,-722500,18QYG7196902825,NE18-08,PCLI,,HA,Haiti,Republic of Haiti,2/28/2007,HT
106,15.0,-86.5,150000,-863000,16PEB5375458387,ND16-03,PCLI,,HO,Honduras,Republic of Honduras,2/28/2007,HN
107,22.25,114.166667,221500,1141000,50QKK0797163234,NF50-05,PCLS,CH,HK,Hong Kong,Hong Kong Special Administrative Region,4/1/2003,HK
108,47.0,20.0,470000,200000,34TDT2397505649,NL34-02,PCLI,,HU,Hungary,Republic of Hungary,2/28/2007,HU
110,20.0,77.0,200000,770000,43QGC0924312731,NF43-16,PCLI,,IN,India,Republic of India,2/28/2007,IN
111,-5.0,120.0,-50000,1200000,51MSQ6728646576,SB51-01,PCLI,,ID,Indonesia,Republic of Indonesia,2/28/2007,ID
112,32.0,53.0,320000,530000,39SXR8892842183,NI39-16,PCLI,,IR,Iran,Islamic Republic of Iran,2/28/2007,IR
113,33.0,44.0,330000,440000,38SMB0658251731,NI38-10,PCLI,,IZ,Iraq,Republic of Iraq,2/28/2007,IQ
114,53.0,-8.0,530000,-80000,29UNU6710972738,NN29-09,PCLI,,EI,Ireland,Ireland,10/15/2010,IE
116,31.5,34.75,313000,344500,36RXV6619986343,NH36-04,PCLI,,IS,Israel,State of Israel,2/28/2007,IL
117,42.833333,12.833333,425000,125000,33TUH2291944584,NK33-04,PCLI,,IT,Italy,Italian Republic,11/29/2011,IT
118,18.25,-77.5,181500,-773000,18QTF3565119652,NE18-05,PCLI,,JM,Jamaica,Jamaica,6/26/1997,JM
119,36.0,138.0,360000,1380000,54STE2957988112,NJ54-13,PCLI,,JA,Japan,Japan,8/29/1997,JP
123,48.0,68.0,480000,680000,42UVU2540516784,NM42-10,PCLI,,KZ,Kazakhstan,Republic of Kazakhstan,2/28/2007,KZ
124,1.0,38.0,10000,380000,37NCB8873610547,NA37-10,PCLI,,KE,Kenya,Republic of Kenya,2/28/2007,KE
125,-5.0,-170.0,-50000,-1700000,02MPV1086047251,SB02-03,PCLI,,KR,Kiribati,Republic of Kiribati,2/28/2007,KI
127,29.5,47.75,293000,474500,38RQT6660466535,NH38-12,PCLI,,KU,Kuwait,State of Kuwait,2/28/2007,KW
128,41.0,75.0,410000,750000,43TEF0000038757,NK43-08,PCLI,,KG,Kyrgyzstan,Kyrgyz Republic,2/28/2007,KG
129,18.0,105.0,180000,1050000,48QWE0000090186,NE48-07,PCLI,,LA,Laos,Lao People's Democratic Republic,12/22/2010,LA
130,57.0,25.0,570000,250000,35VLD7851419164,NO35-07,PCLI,,LG,Latvia,Republic of Latvia,2/28/2007,LV
131,33.833333,35.833333,335000,355000,36SYC6220347288,NI36-12,PCLI,,LE,Lebanon,Republic of Lebanon,2/28/2007,LB
132,-29.5,28.25,-293000,281500,35JPH2116435966,SH35-07,PCLI,,LT,Lesotho,Kingdom of Lesotho,2/28/2007,LS
133,6.5,-9.5,63000,-93000,29NMH4471718503,NB29-06,PCLI,,LI,Liberia,Republic of Liberia,2/28/2007,LR
134,25.0,17.0,250000,170000,33RYH0184666437,NG33-12,PCLI,,LY,Libya,Libya,2/28/2007,LY
135,47.166667,9.533333,471000,93200,32TNT4042123823,NL32-02,PCLI,,LS,Liechtenstein,Principality of Liechtenstein,2/28/2007,LI
136,56.0,24.0,560000,240000,35VLC1292910141,NO35-10,PCLI,,LH,Lithuania,Republic of Lithuania,2/28/2007,LT
137,49.75,6.166667,494500,61000,32UKA9590614688,NM32-07,PCLI,,LU,Luxembourg,Grand Duchy of Luxembourg,2/28/2007,LU
139,41.833333,22.0,415000,220000,34TEM8303431755,NK34-09,PCLI,,MK,Macedonia,Republic of Macedonia,2/28/2007,MK
140,-20.0,47.0,-200000,470000,38KQC0924387269,SE38-16,PCLI,,MA,Madagascar,Republic of Madagascar,2/28/2007,MG
141,-13.5,34.0,-133000,340000,36LXL0822507350,SD36-07,PCLI,,MI,Malawi,Republic of Malawi,2/28/2007,MW
142,2.5,112.5,23000,1123000,49NFC6677476422,NA49-08,PCLI,,MY,Malaysia,Malaysia,11/25/2003,MY
143,3.2,73.0,31200,730000,43NBD7775053916,NA43-01,PCLI,,MV,Maldives,Republic of Maldives,8/11/1997,MV
145,35.916667,14.433333,355500,142600,33SVV4887474854,NI33-02,PCLI,,MT,Malta,Republic of Malta,2/28/2007,MT
146,10.0,167.0,100000,1670000,58PGS1923306077,NC58-08,PCLF,,RM,Marshall Islands,Republic of the Marshall Islands,12/16/1996,MH
148,20.0,-12.0,200000,-120000,29QJC8607414294,NF29-13,PCLI,,MR,Mauritania,Islamic Republic of Mauritania,5/23/2007,MR
149,-20.3,57.583333,-201800,573500,40KEC6090455213,SF40-03,PCLI,,MP,Mauritius,Republic of Mauritius,2/28/2007,MU
151,23.0,-102.0,230000,-1020000,14QJL9245746668,NF14-01,PCLI,,MX,Mexico,United Mexican States,2/28/2007,MX
152,47.0,29.0,470000,290000,35TPN5204907105,NL35-03,PCLI,,MD,Moldova,Republic of Moldova,2/28/2007,MD
154,46.0,105.0,460000,1050000,48TWR0000094047,NL48-05,PCLI,,MG,Mongolia,Mongolia,2/13/2006,MN
155,42.5,19.3,423000,191800,34TCN6031606693,NK34-04,PCLI,,MJ,Montenegro,Montenegro,2/28/2007,ME
156,16.75,-62.2,164500,-621200,20QND8526952071,NE20-15,PCLD,UK,MH,Montserrat,Montserrat,12/22/1993,MS
157,32.0,-5.0,320000,-50000,30SUA1107242183,NI30-13,PCLI,,MO,Morocco,Kingdom of Morocco,5/23/2007,MA
158,-18.25,35.0,-181500,350000,36KYE1146080999,SE36-12,PCLI,,MZ,Mozambique,Republic of Mozambique,2/28/2007,MZ
159,-22.0,17.0,-220000,170000,33KYR0647265823,SF33-08,PCLI,,WA,Namibia,Republic of Namibia,2/28/2007,
161,28.0,84.0,280000,840000,45RTM0495700831,NH45-13,PCLI,,NP,Nepal,Federal Democratic Republic of Nepal,4/13/2007,NP
162,52.5,5.75,523000,54500,31UFU8666020207,NN31-12,PCLI,,NL,Netherlands,Kingdom of the Netherlands,2/28/2007,NL
163,-21.5,165.5,-213000,1653000,58KEB5179022432,SF58-07,PCLD,FR,NC,New Caledonia,New Caledonia,11/18/2010,NC
164,-42.0,174.0,-420000,1740000,60GTU5153545869,SK59-06,PCLI,,NZ,New Zealand,New Zealand,12/30/1993,NZ
165,13.0,-85.0,130000,-850000,16PGV1692337988,ND16-12,PCLI,,NU,Nicaragua,Republic of Nicaragua,2/28/2007,NI
166,16.0,8.0,160000,80000,32QLC9300469193,NE32-14,PCLI,,NG,Niger,Republic of Niger,2/28/2007,NE
167,10.0,8.0,100000,80000,32PLS9039905579,NC32-06,PCLI,,NI,Nigeria,Federal Republic of Nigeria,2/28/2007,NG
168,-19.033333,-169.866667,-190200,-1695200,02KPD1926695100,SE02-15,PCLS,NZ,NE,Niue,Niue,11/29/1996,NU
170,40.0,127.0,400000,1270000,52TCK2927529673,NK52-10,PCLI,,KN,North Korea,Democratic People's Republic of Korea,2/28/2007,KP
172,62.0,10.0,620000,100000,32VNP5237674584,NP31-08,PCLI,,NO,Norway,Kingdom of Norway,2/28/2007,NO
174,30.0,70.0,300000,700000,42RWU9645019206,NH42-07,PCLI,,PK,Pakistan,Islamic Republic of Pakistan,11/18/1997,PK
175,6.0,134.0,60000,1340000,53NLG8932563306,NB53-06,PCLF,,PS,Palau,Republic of Palau,2/28/2007,PW
176,9.0,-80.0,90000,-800000,17PPK0991995002,NC17-11,PCLI,,PM,Panama,Republic of Panama,2/28/2007,PA
177,-6.0,147.0,-60000,1470000,55MEP0000036795,SB55-07,PCLI,,PP,Papua New Guinea,Independent State of Papua New Guinea,2/28/2007,PG
178,-22.993333,-57.996389,-225936,-575947,21KUQ9788056871,SF21-10,PCLI,,PA,Paraguay,Republic of Paraguay,2/28/2007,PY
179,-10.0,-76.0,-100000,-760000,18LUP9039994421,SC18-06,PCLI,,PE,Peru,Republic of Peru,2/28/2007,PE
180,13.0,122.0,130000,1220000,51PUQ9155437349,ND51-10,PCLI,,RP,Philippines,Republic of the Philippines,2/28/2007,PH
182,52.0,20.0,520000,200000,34UDC3135061510,NN34-11,PCLI,,PL,Poland,Republic of Poland,2/28/2007,PL
183,39.5,-8.0,393000,-80000,29SND8598072742,NJ29-03,PCLI,,PO,Portugal,Portuguese Republic,3/9/2007,PT
185,25.5,51.25,253000,511500,39RWJ2512420338,NG39-11,PCLI,,QA,Qatar,State of Qatar,1/28/2011,QA
188,46.0,25.0,460000,250000,35TLL4513695992,NL35-04,PCLI,,RO,Romania,Romania,2/28/2007,RO
189,60.0,100.0,600000,1000000,47VNG5577651833,NP47-14,PCLI,,RS,Russia,Russian Federation,2/28/2007,RU
190,-2.0,30.0,-20000,300000,36MSC6622478634,SA36-05,PCLI,,RW,Rwanda,Republic of Rwanda,3/9/2007,RW
192,17.333333,-62.75,172000,-624500,20QNE2656316448,NE20-11,PCLI,,SC,Saint Kitts and Nevis,Federation of Saint Kitts and Nevis,2/28/2007,KN
193,13.883333,-60.966667,135300,-605800,20PQA1973335759,ND20-08,PCLI,,ST,Saint Lucia,Saint Lucia,12/22/1993,LC
195,46.833333,-56.333333,465000,-562000,21TWM5084186859,NL21-02,ADM1,FR,SB,Saint Pierre and Miquelon,Territorial Collectivity of Saint Pierre and Miquelon,2/28/2007,PM
196,13.083333,-61.2,130500,-611200,20PPV9515847045,ND20-16,PCLI,,VC,Saint Vincent and the Grenadines,Saint Vincent and the Grenadines,12/22/1993,VC
197,-13.803096,-172.178309,-134811,-1721042,02LLK7263873738,SD02-06,PCLI,,WS,Samoa,Independent State of Samoa,11/3/2009,WS
199,1.0,7.0,10000,70000,32NKG7743810598,NA32-09,PCLI,,TP,Sao Tome and Principe,Democratic Republic of Sao Tome and Principe,2/28/2007,ST
200,25.0,45.0,250000,450000,38RNN0000064948,NG38-11,PCLI,,SA,Saudi Arabia,Kingdom of Saudi Arabia,7/28/2009,SA
201,14.0,-14.0,140000,-140000,28PFA0799647954,ND28-07,PCLI,,SG,Senegal,Republic of Senegal,2/28/2007,SN
202,44.0,21.0,440000,210000,34TEP0000071873,NL34-11,PCLI,,RI,Serbia,Republic of Serbia,2/28/2009,RS
203,-4.583333,55.666667,-43500,554000,40MCV5209193256,SB40-01,PCLI,,SE,Seychelles,Republic of Seychelles,2/28/2007,SC
204,8.5,-11.5,83000,-113000,29PKK2476440462,NC29-13,PCLI,,SL,Sierra Leone,Republic of Sierra Leone,2/28/2007,SL
205,1.366667,103.8,12200,1034800,48NUG6649851091,NA48-10,PCLI,,SN,Singapore,Republic of Singapore,2/28/2007,SG
207,48.666667,19.5,484000,193000,34UCU8955891487,NM34-10,PCLI,,LO,Slovakia,Slovak Republic,11/29/2011,SK
208,46.25,15.166667,461500,151000,33TWM1284721838,NL33-05,PCLI,,SI,Slovenia,Republic of Slovenia,11/29/2011,SI
209,-8.0,159.0,-80000,1590000,57MWM0000015702,SB57-15,PCLI,,BP,Solomon Islands,Solomon Islands,8/29/1997,SB
210,6.0,48.0,60000,480000,39NSG6784264114,NB39-05,PCLI,,SO,Somalia,Somalia,2/28/2007,SO
211,-30.0,26.0,-300000,260000,35JMG0355080794,SH35-06,PCLI,,SF,South Africa,South Africa,2/28/2007,ZA
213,37.0,127.5,370000,1273000,52SCF6653295924,NJ52-09,PCLI,,KS,South Korea,Republic of Korea,2/28/2007,KR
214,8.0,30.0,80000,300000,36PSP6925685504,NC36-13,PCLI,,OD,South Sudan,Republic of South Sudan,7/12/2011,SS
215,40.0,-4.0,400000,-40000,30TVK1464028236,NK30-11,PCLI,,SP,Spain,Kingdom of Spain,7/12/1997,ES
216,7.0,81.0,70000,810000,44NNN0000073749,NB44-03,PCLI,,CE,Sri Lanka,Democratic Socialist Republic of Sri Lanka,2/28/2007,LK
217,16.0,30.0,160000,300000,36QSC7890071254,NE36-13,PCLI,,SU,Sudan,Republic of the Sudan,7/12/2011,SD
218,4.0,-56.0,40000,-560000,21NXE1101142195,NB21-15,PCLI,,NS,Suriname,Republic of Suriname,2/28/2007,SR
221,62.0,15.0,620000,150000,33VWJ0000074180,NP33-06,PCLI,,SW,Sweden,Kingdom of Sweden,2/28/2007,SE
223,35.0,38.0,350000,380000,37SDU0874773500,NI37-02,PCLI,,SY,Syria,Syrian Arab Republic,2/28/2007,SY
225,39.0,71.0,390000,710000,42SXJ7319118679,NJ42-04,PCLI,,TI,Tajikistan,Republic of Tajikistan,2/28/2007,TJ
226,-6.0,35.0,-60000,350000,36MYU2138336391,SB36-08,PCLI,,TZ,Tanzania,United Republic of Tanzania,11/29/2011,TZ
227,15.0,100.0,150000,1000000,47PPS0751258569,ND47-03,PCLI,,TH,Thailand,Kingdom of Thailand,2/28/2007,TH
229,8.0,1.166667,80000,11000,31PBJ9793584748,NC31-13,PCLI,,TO,Togo,Togolese Republic,2/28/2007,TG
231,-20.0,-175.0,-200000,-1750000,01KGT0924387269,SE01-16,PCLI,,TN,Tonga,Kingdom of Tonga,2/28/2007,TO
232,11.0,-61.0,110000,-610000,20PQT1852916707,NC20-04,PCLI,,TD,Trinidad and Tobago,Republic of Trinidad and Tobago,2/28/2007,TT
234,34.0,9.0,340000,90000,32SNC0000062156,NI32-07,PCLI,,TS,Tunisia,Tunisian Republic,2/28/2007,TN
235,39.059012,34.911546,390332,345442,36SXJ6539325064,NJ36-04,PCLI,,TU,Turkey,Republic of Turkey,5/23/2011,TR
236,40.0,60.0,400000,600000,41TKE4390032069,NK41-09,PCLI,,TX,Turkmenistan,Turkmenistan,11/8/2001,TM
238,-8.0,178.0,-80000,1780000,60MXS1020515568,SC60-04,PCLI,,TV,Tuvalu,Tuvalu,12/22/1993,TV
239,2.0,33.0,20000,330000,36NWH0000021061,NA36-07,PCLI,,UG,Uganda,Republic of Uganda,7/12/2011,UG
240,49.0,32.0,490000,320000,36UVV2685827938,NM36-08,PCLI,,UP,Ukraine,Ukraine,6/5/1998,UA
241,24.0,54.0,240000,540000,40RAM9477357479,NG40-13,PCLI,,AE,United Arab Emirates,United Arab Emirates,6/15/1999,AE
242,54.0,-4.0,540000,-40000,30UVE3445183984,NN30-05,PCLI,,UK,United Kingdom,United Kingdom of Great Britain and Northern Ireland,2/28/2007,GB
243,39.828175,-98.5795,394941,-983446,1890467,,PCLI,,US,United States,United States of America,1/10/2001,US
244,-33.0,-56.0,-330000,-560000,21HWD9341848269,SI21-03,PCLI,,UY,Uruguay,Oriental Republic of Uruguay,2/28/2007,UY
247,41.707542,63.84911,414227,635057,41TNG7064317654,NK41-08,PCLI,,UZ,Uzbekistan,Republic of Uzbekistan,5/5/2011,UZ
248,-16.0,167.0,-160000,1670000,58LGH1402030035,SD58-16,PCLI,,NH,Vanuatu,Republic of Vanuatu,2/28/2007,VU
251,16.166667,107.833333,161000,1075000,48QZC0299589458,NE48-16,PCLI,,VM,Vietnam,Socialist Republic of Vietnam,2/28/2007,VN
252,-13.3,-176.2,-131800,-1761200,01LEF8665029549,SD01-07,PCLD,FR,WF,Wallis and Futuna,Wallis and Futuna,11/18/2010,WF
255,15.5,47.5,153000,473000,38PQC6820715194,ND38-04,PCLI,,YM,Yemen,Republic of Yemen,12/9/2010,YE
256,-15.0,30.0,-150000,300000,36LSJ7734939486,SD36-09,PCLI,,ZA,Zambia,Republic of Zambia,2/28/2007,ZM
257,-19.0,29.0,-190000,290000,35KQU1053497976,SE35-12,PCLI,,ZI,Zimbabwe,Republic of Zimbabwe,2/28/2007,ZW
